Workbook

Sheet مصفوفة التقارير
A1: مصفوفة تقارير الصفقات في CRM حسب الدور: الموظف والمدير
A2: الهيكل: موظفون يرأسهم مدير واحد، دون إدارة عليا؛ لذلك تقارير مستوى الشركة (الإيراد حسب المنتج والقطاع، متوسط حجم الصفقة) عند المدير. أساسي = يعتمد عليه الدور في عمله المعتاد | ثانوي = يطّلع عليه عند الحاجة | — = خارج نطاقه. العمودان E وF قابلان للتغيير من القائمة المنسدلة، وتتحدث عدادات ورقة «الأدوار» تلقائياً. الحدود مثل 14 يوماً للركود و3 أضعاف للتغطية أعراف شائعة، عدّلها حسب دورة البيع لديكم.
A4: # | B4: التقرير | C4: الاسم الشائع (EN) | D4: الفئة | E4: الموظف | F4: المدير | G4: ما يراه الموظف | H4: ما يراه المدير | I4: السؤال الذي يجيب عنه | J4: المؤشرات (KPIs) | K4: الحقول المطلوبة | L4: التصفية والتجميع | M4: شكل العرض المقترح | N4: التكرار
A5: 1 | B5: خط الأنابيب حسب المرحلة | C5: Pipeline by Stage | D5: خط الأنابيب | E5: أساسي | F5: أساسي | G5: صفقاتي المفتوحة موزعة على المراحل | H5: المراحل × كل موظف، مع إجمالي الفريق | I5: كم صفقة مفتوحة وما قيمتها في كل مرحلة؟ | J5: عدد الصفقات، القيمة الإجمالية، القيمة المرجّحة | K5: المرحلة، القيمة، الاحتمالية، الحالة، المالك | L5: تصفية: الحالة = مفتوحة | M5: قمع أو أعمدة مكدسة | N5: يومي / أسبوعي
A6: 2 | B6: الصفقات المتوقع إغلاقها خلال الفترة | C6: Deals Closing This Month / Quarter | D6: خط الأنابيب | E6: أساسي | F6: أساسي | G6: صفقاتي التي تُغلق هذا الشهر، مرتبة حسب التاريخ | H6: صفقات الفريق التي تُغلق في الفترة، مجمّعة حسب الموظف | I6: ما الصفقات التي يجب حسمها قبل نهاية الشهر أو الربع؟ | J6: عدد وقيمة الصفقات، متوسط الاحتمالية | K6: تاريخ الإغلاق المتوقع، القيمة، المرحلة، الاحتمالية، المالك، الحالة | L6: تصفية: تاريخ الإغلاق المتوقع ضمن الفترة والحالة = مفتوحة | M6: جدول مرتب | N6: يومي
A7: 3 | B7: الصفقات الراكدة والمتأخرة | C7: Stale / Overdue Deals | D7: صحة الصفقات | E7: أساسي | F7: أساسي | G7: صفقاتي التي تحتاج تحريكاً اليوم | H7: عدد الصفقات الراكدة وقيمتها لكل موظف | I7: ما الصفقات التي توقفت أو تجاوزت موعد إغلاقها؟ | J7: أيام منذ آخر نشاط، أيام التأخير، قيمة الصفقات المعرّضة | K7: تاريخ آخر نشاط، تاريخ الإغلاق المتوقع، المرحلة، القيمة، المالك، الحالة | L7: تصفية: آخر نشاط أقدم من حدّ معيّن (مثلاً 14 يوماً) أو تاريخ الإغلاق المتوقع قبل اليوم | M7: جدول بتنبيهات لونية | N7: يومي
A8: 4 | B8: مهامي ومتابعاتي | C8: My Activities & Follow-ups | D8: النشاط | E8: أساسي | F8: — | G8: مكالماتي واجتماعاتي ومهامي المستحقة والمتأخرة | H8: — | I8: ما المطلوب مني اليوم، وما المتأخر؟ | J8: عدد المهام المستحقة والمتأخرة | K8: الأنشطة، المالك، تاريخ آخر نشاط | L8: تصفية: تاريخ الاستحقاق ≤ اليوم | M8: قائمة مهام | N8: يومي
A9: 5 | B9: الصفقات المكسوبة والخاسرة | C9: Won vs Lost Deals | D9: النتائج | E9: أساسي | F9: أساسي | G9: نتائج صفقاتي خلال الفترة | H9: نتائج كل موظف، وإجمالي الفريق | I9: ماذا أُغلق خلال الفترة وبأي نتيجة؟ | J9: عدد وقيمة المكسوب والخاسر | K9: الحالة، القيمة، تاريخ الإغلاق الفعلي، المالك، سبب الخسارة | L9: تجميع: الحالة × الفترة | M9: أعمدة متجاورة | N9: أسبوعي / شهري
A10: 6 | B10: الإنجاز مقابل الهدف | C10: Quota Attainment / Revenue vs Target | D10: الأداء | E10: أساسي | F10: أساسي | G10: إنجازي مقابل هدفي، والمتبقي | H10: ترتيب الموظفين حسب الإنجاز، وإيراد الفريق التراكمي مقابل هدف الفريق | I10: كم حققنا من الهدف وكم تبقّى؟ | J10: نسبة الإنجاز، المتبقي من الهدف، الترتيب | K10: القيمة، الحالة، تاريخ الإغلاق الفعلي، المالك، الهدف | L10: تجميع: الموظف × الشهر | M10: مقياس، وخط تراكمي مقابل خط الهدف | N10: أسبوعي
A11: 7 | B11: توقعات المبيعات | C11: Sales Forecast | D11: التوقعات | E11: أساسي | F11: أساسي | G11: تصنيف صفقاتي إلى مؤكد ومحتمل | H11: توقع الفريق مجمّعاً، وتوقع كل موظف مقابل هدفه | I11: كم سنغلق حتى نهاية الفترة؟ | J11: المؤكد (Commit)، المحتمل (Best Case)، القيمة المرجّحة | K11: فئة التوقع، القيمة، الاحتمالية، تاريخ الإغلاق المتوقع، المالك | L11: تجميع: فئة التوقع | M11: أعمدة مكدسة مع خط الهدف | N11: أسبوعي
A12: 8 | B12: تغطية خط الأنابيب | C12: Pipeline Coverage | D12: التوقعات | E12: ثانوي | F12: أساسي | G12: تغطيتي مقابل هدفي المتبقي | H12: التغطية لكل موظف وللفريق | I12: هل الصفقات المفتوحة كافية لتحقيق الهدف المتبقي؟ | J12: نسبة التغطية (المعيار الشائع 3 أضعاف) | K12: القيمة، الحالة، تاريخ الإغلاق المتوقع، المالك، الهدف | L12: تصفية: الصفقات المفتوحة التي تُغلق ضمن الفترة | M12: رقم مؤشر ملوّن | N12: أسبوعي / شهري
A13: 9 | B13: التحويل بين المراحل | C13: Stage Conversion / Funnel | D13: التحويل | E13: ثانوي | F13: أساسي | G13: قمع صفقاتي | H13: قمع الفريق، ومقارنة نسب كل موظف بمتوسط الفريق | I13: في أي مرحلة تتسرّب الصفقات؟ | J13: نسبة الانتقال من كل مرحلة إلى التي تليها | K13: سجل المراحل، المرحلة، المالك | L13: تجميع: المرحلة × الفترة | M13: قمع | N13: شهري
A14: 10 | B14: نسبة الفوز | C14: Win Rate | D14: التحويل | E14: ثانوي | F14: أساسي | G14: نسبة فوزي | H14: نسبة الفوز لكل موظف ومنتج ومصدر | I14: من أي موظف أو منتج أو مصدر نكسب أكثر؟ | J14: نسبة الفوز بالعدد وبالقيمة | K14: الحالة، القيمة، المالك، المنتج، مصدر العميل | L14: تجميع: الموظف أو المنتج أو مصدر العميل | M14: أعمدة أفقية | N14: شهري / ربعي
A15: 11 | B15: دورة البيع والبقاء في المراحل | C15: Sales Cycle / Time in Stage | D15: السرعة | E15: — | F15: أساسي | G15: — | H15: متوسط الدورة وأيام كل مرحلة لكل موظف | I15: كم تستغرق الصفقة حتى تُغلق، وأين تتأخر؟ | J15: متوسط أيام الدورة، متوسط أيام كل مرحلة | K15: تاريخ الإنشاء، تاريخ الإغلاق الفعلي، سجل المراحل، المالك | L15: تجميع: المرحلة × الموظف | M15: أعمدة أو خريطة حرارية | N15: شهري / ربعي
A16: 12 | B16: تحليل أسباب الخسارة | C16: Lost Reasons & Competitors | D16: النتائج | E16: ثانوي | F16: أساسي | G16: أسباب خسارة صفقاتي | H16: الأسباب والمنافسون على مستوى الفريق ولكل موظف | I16: لماذا نخسر، ولصالح من؟ | J16: عدد وقيمة الخسارة لكل سبب ومنافس | K16: الحالة، سبب الخسارة، المنافس، المرحلة، القيمة، المالك | L16: تصفية: الحالة = خاسرة | تجميع: السبب أو المنافس | M16: أعمدة مرتبة | N16: شهري
... A23: 19 | B23: بطاقة أداء الموظف | C23: Employee Scorecard | D23: الأداء | E23: ثانوي | F23: أساسي | G23: بطاقتي: إنجازي ونسبة فوزي وتغطيتي ونشاطي | H23: بطاقة لكل موظف مقابل متوسط الفريق، للاجتماع الفردي | I23: كيف يؤدي كل موظف مقارنة بالفريق، وأين يحتاج دعماً؟ | J23: الإنجاز، نسبة الفوز، التغطية، دورة البيع، عدد الأنشطة | K23: المالك، القيمة، الحالة، الهدف، تاريخ الإنشاء، تاريخ الإغلاق الفعلي، الأنشطة | L23: تجميع: الموظف | M23: بطاقات مؤشرات | N23: أسبوعي / شهري

Sheet الأدوار
A1: الأدوار ونطاق الرؤية والصلاحيات
A2: يُبنى كل تقرير مرة واحدة؛ الموظف يراه مفلتراً على صفقاته، والمدير يراه لكل الفريق مجمّعاً حسب الموظف. أعمدة العدد تُحسب تلقائياً من ورقة «مصفوفة التقارير».
A4: الدور | B4: المسمى الشائع | C4: نطاق الرؤية | D4: الفلتر الافتراضي | E4: الصلاحيات المقترحة | F4: السؤال الأساسي | G4: دورية المراجعة | H4: تقارير أساسية | I4: تقارير ثانوية | J4: الإجمالي
A5: الموظف | B5: Sales Rep / Account Manager | C5: الصفقات التي يملكها فقط | D5: مالك الصفقة = أنا | E5: ينشئ صفقاته ويحدّثها؛ لا يرى صفقات زملائه؛ لا يغيّر الأهداف | F5: ماذا أفعل اليوم لأغلق صفقاتي وأحقق هدفي؟ | G5: يومي | H5: =COUNTIF('مصفوفة التقارير'!$E$5:$E$23,"أساسي") -> 7 | I5: =COUNTIF('مصفوفة التقارير'!$E$5:$E$23,"ثانوي") -> 7 | J5: =H5+I5 -> 14
A6: المدير | B6: Sales Manager | C6: كل صفقات الفريق، وهي كل صفقات الشركة في هذا الهيكل | D6: بلا قيود، مع تجميع حسب الموظف | E6: يرى ويعدّل كل الصفقات؛ يعيد إسنادها بين الموظفين؛ يضع الأهداف؛ يصدّر التقارير | F6: هل سيحقق الفريق هدفه، ومن يحتاج دعماً، وأين الفرص والمخاطر؟ | G6: أسبوعي، ومراجعة شهرية وربعية | H6: =COUNTIF('مصفوفة التقارير'!$F$5:$F$23,"أساسي") -> 17 | I6: =COUNTIF('مصفوفة التقارير'!$F$5:$F$23,"ثانوي") -> 1 | J6: =H6+I6 -> 18

Sheet المؤشرات
A1: تعريف المؤشرات ومعادلاتها
A2: الأرقام في عمود «يُستخدم في» تشير إلى رقم التقرير في ورقة «مصفوفة التقارير».
A4: المؤشر | B4: التعريف | C4: المعادلة | D4: يُستخدم في
A5: القيمة المرجّحة (Weighted Pipeline) | B5: قيمة الصفقات المفتوحة بعد ضربها في احتمالية الإغلاق | C5: مجموع (القيمة × الاحتمالية) للصفقات المفتوحة | D5: 1، 7
A6: نسبة الإنجاز (Quota Attainment) | B6: ما تحقق من الهدف خلال الفترة | C6: قيمة المكسوب في الفترة ÷ الهدف | D6: 6، 19
A7: تغطية خط الأنابيب (Pipeline Coverage) | B7: مدى كفاية الصفقات المفتوحة للهدف المتبقي | C7: قيمة الصفقات المفتوحة التي تُغلق في الفترة ÷ (الهدف − المكسوب) | D7: 8، 19
A8: نسبة الفوز (Win Rate) | B8: نسبة الصفقات المكسوبة من الصفقات المحسومة | C8: عدد المكسوب ÷ (المكسوب + الخاسر) | D8: 10، 19
A9: نسبة التحويل بين المراحل | B9: نسبة الصفقات التي تنتقل من مرحلة إلى التي تليها | C9: عدد الصفقات التي بلغت المرحلة التالية ÷ عدد الصفقات التي دخلت المرحلة | D9: 9
A10: مدة دورة البيع (Sales Cycle) | B10: متوسط المدة من إنشاء الصفقة حتى إغلاقها | C10: متوسط (تاريخ الإغلاق الفعلي − تاريخ الإنشاء) للصفقات المكسوبة | D10: 11، 19
A11: متوسط حجم الصفقة (Avg Deal Size) | B11: متوسط قيمة الصفقة المكسوبة | C11: قيمة المكسوب ÷ عدد المكسوب | D11: 18
A12: نسبة التأجيل (Slippage) | B12: الصفقات التي أُجّل موعد إغلاقها | C12: عدد الصفقات المؤجلة ÷ الصفقات المتوقع إغلاقها في الفترة | D12: 13
A13: أيام منذ آخر نشاط | B13: مؤشر ركود الصفقة | C13: تاريخ اليوم − تاريخ آخر نشاط | D13: 3، 16
A14: نسبة اكتمال البيانات | B14: جودة سجلات الصفقات | C14: الصفقات المكتملة الحقول الإلزامية ÷ إجمالي الصفقات المفتوحة | D14: 16

Sheet الحقول
A1: قاموس الحقول المطلوبة في سجل الصفقة
A2: عمود «عدد التقارير» يُحسب تلقائياً بالبحث عن اسم الحقل في عمود «الحقول المطلوبة» بورقة «مصفوفة التقارير». لا حاجة لحقل «الفريق» لأن الهيكل فريق واحد.
A4: الحقل | B4: المقابل الإنجليزي | C4: النوع | D4: ملاحظة | E4: عدد التقارير
A5: المالك | B5: Owner | C5: مستخدم | D5: أساس فصل ما يراه الموظف عمّا يراه المدير | E5: =COUNTIF('مصفوفة التقارير'!$K$5:$K$23,"*"&A5&"*") -> 18
A6: القيمة | B6: Amount | C6: رقم (عملة) | D6: إلزامي للصفقات المفتوحة | E6: =COUNTIF('مصفوفة التقارير'!$K$5:$K$23,"*"&A6&"*") -> 15
A7: الحالة | B7: Status | C7: قائمة | D7: مفتوحة / مكسوبة / خاسرة | E7: =COUNTIF('مصفوفة التقارير'!$K$5:$K$23,"*"&A7&"*") -> 11
A8: المرحلة | B8: Stage | C8: قائمة | D8: مراحل ثابتة ومتفق عليها | E8: =COUNTIF('مصفوفة التقارير'!$K$5:$K$23,"*"&A8&"*") -> 7
A9: تاريخ الإغلاق المتوقع | B9: Expected Close Date | C9: تاريخ | D9: إلزامي للصفقات المفتوحة | E9: =COUNTIF('مصفوفة التقارير'!$K$5:$K$23,"*"&A9&"*") -> 6
A10: تاريخ الإغلاق الفعلي | B10: Actual Close Date | C10: تاريخ | D10: يُسجَّل عند الكسب أو الخسارة | E10: =COUNTIF('مصفوفة التقارير'!$K$5:$K$23,"*"&A10&"*") -> 5
A11: الاحتمالية | B11: Probability | C11: نسبة | D11: غالباً تُربط بالمرحلة تلقائياً | E11: =COUNTIF('مصفوفة التقارير'!$K$5:$K$23,"*"&A11&"*") -> 3
A12: تاريخ آخر نشاط | B12: Last Activity Date | C12: تاريخ | D12: يُحدَّث تلقائياً من الأنشطة | E12: =COUNTIF('مصفوفة التقارير'!$K$5:$K$23,"*"&A12&"*") -> 3
A13: تاريخ الإنشاء | B13: Created Date | C13: تاريخ | D13: تلقائي | E13: =COUNTIF('مصفوفة التقارير'!$K$5:$K$23,"*"&A13&"*") -> 3
A14: فئة التوقع | B14: Forecast Category | C14: قائمة | D14: مؤكد / محتمل / خط أنابيب / مستبعد | E14: =COUNTIF('مصفوفة التقارير'!$K$5:$K$23,"*"&A14&"*") -> 1
A15: مصدر العميل | B15: Lead Source | C15: قائمة | D15: موقع، إحالة، معرض، حملة... | E15: =COUNTIF('مصفوفة التقارير'!$K$5:$K$23,"*"&A15&"*") -> 2
A16: المنتج | B16: Product | C16: قائمة أو سجل مرتبط | E16: =COUNTIF('مصفوفة التقارير'!$K$5:$K$23,"*"&A16&"*") -> 3
A17: سبب الخسارة | B17: Lost Reason | C17: قائمة | D17: إلزامي عند تحويل الصفقة إلى خاسرة | E17: =COUNTIF('مصفوفة التقارير'!$K$5:$K$23,"*"&A17&"*") -> 2
A18: المنافس | B18: Competitor | C18: قائمة | E18: =COUNTIF('مصفوفة التقارير'!$K$5:$K$23,"*"&A18&"*") -> 1
A19: المنطقة | B19: Region | C19: قائمة | E19: =COUNTIF('مصفوفة التقارير'!$K$5:$K$23,"*"&A19&"*") -> 1
A20: القطاع | B20: Industry / Segment | C20: قائمة | E20: =COUNTIF('مصفوفة التقارير'!$K$5:$K$23,"*"&A20&"*") -> 1
A21: الهدف | B21: Quota / Target | C21: جدول مستقل | D21: لكل موظف ولكل فترة؛ هدف الفريق = مجموع أهداف الموظفين | E21: =COUNTIF('مصفوفة التقارير'!$K$5:$K$23,"*"&A21&"*") -> 3
A22: الأنشطة | B22: Activities | C22: سجل مرتبط | D22: مكالمات واجتماعات ومهام مرتبطة بالصفقة | E22: =COUNTIF('مصفوفة التقارير'!$K$5:$K$23,"*"&A22&"*") -> 3
A23: سجل المراحل | B23: Stage History | C23: سجل تلقائي | D23: تتيحه أغلب الأنظمة؛ في نظام مبني داخلياً يلزم جدول تاريخ للمراحل | E23: =COUNTIF('مصفوفة التقارير'!$K$5:$K$23,"*"&A23&"*") -> 2
A24: سجل التغييرات | B24: Field History | C24: سجل تلقائي | D24: لتتبع تغيّر القيمة وتاريخ الإغلاق | E24: =COUNTIF('مصفوفة التقارير'!$K$5:$K$23,"*"&A24&"*") -> 1
